赛道,归属,主播昵称,抖音号,抖音UID,主页链接,地域,标签,特殊人设,建联方式
AI,星河,大话2凌小路,53431793809,UID3644224746819196,,,,,
AI,星河,大话西游2不悔,25102242553,UID1812427872145214,,,,,
,情义,忆流年6,82238907523,UID1526562347292407,https://www.douyin.com/user/MS4wLjABAAAAS_JLHsVeJcw8josgudnzR3-qSuhFyMa-zQFikxwK1BdJGTU383C8-Msi8rwOL5Bu?from_tab_name=main,河北 唐山,赛事|其他,,
,情义,文殊庄永盛,wenshuzhuang,UID1748651701962788,https://www.douyin.com/user/MS4wLjABAAAA5LWySSbUMR-FwgnNFZck-wtAB1atF1CM4C4QE3yGyytGdXzVPZkYe9GgyU4fumf5?from_tab_name=main,山西 原平,日常,,
AI,星河,大话西游2烈火,85913575464,UID3243997087415098,,,,,
AI,星河,大话西游2小趴菜（那个帅帅的小杨哥）,xy2xpc,UID3490282033911683,https://www.douyin.com/user/MS4wLjABAAAAKlci_ba0bK3tFlM8Y6GL6IZFm3ZuScqGkXzElM455C_oBlxqDlVpKDSKqJ3aqyej?from_tab_name=main,,对口型,,
,情义,大话西游2大川,huohinchan,UID141186860592024,https://www.douyin.com/user/MS4wLjABAAAAjDXceNUXgLIXBeZDaUG0jdDC0m3PNij_madgIg034wc?from_tab_name=main,天津 天津,日常,,
,情义,谷牛牛,a1256439766,UID4397665763478285,https://www.douyin.com/user/MS4wLjABAAAAP410IUVpAsOSz1dCKkSR9uc5lqKdyj72-IdD-KabftpigTfkVzI4cteE8HMQrGCj?from_tab_name=main,山西 怀仁,日常|其他,,
,情义,大话2蛋炒饭,93163727481,UID1262681105641111,https://www.douyin.com/user/MS4wLjABAAAA-Rwtb4GFfgSe-HQHg4CZTxlTdmWLQBB1qPvZSJEla-XGzsJsVJg9p0rAW11eNji9?from_tab_name=main,内蒙古 赤峰,赛事|其他,,
AI,星河,金角,dyn7ew2iktrm,UID110461990264,https://v.douyin.com/i5vE9jtc/,,高清美化,,
AI,星河,大话2-一念之间,31544679431,UID2294025674039955,https://www.douyin.com/user/MS4wLjABAAAA7rXpKMajfyxoLuC70VFEvr8vHCko4MBuScNlqx-krbFlq1XVD8rfHaGU5B_JxPAJ?from_tab_name=main&relation=0&vid=7483014196293111090,,小明剑魔,,
,情义,大话西游2老哥,87893462198,UID3538686549429516,https://www.douyin.com/user/MS4wLjABAAAAkeGIQdHPHchaTu1hxqhUwwTa48mLMdAFmDvdwukvHJ2IUzgRJWY6_mQJEQS4xe3W,河南 南阳,日常,,
AI,星河,风姿丶,buqieryu119,UID95515417973,https://v.douyin.com/XS5LfWBKGw4/,,小明剑魔|Q版大话人物,,
攻略,星河,大话西游2盼盼,HHR...HM,UID4041415755836237,https://www.douyin.com/user/MS4wLjABAAAAzQGdLvfH0_9T7FB_fstDZQIcS9JOHp4O9d0LCoANsTO9LN4owVrKIygEu-Vw7wXF,,,赛事,
AI,星河,大话西游2～天意,1828355882,UID108799785825,https://www.douyin.com/user/MS4wLjABAAAAQvdZqelrKxO6DvEk9ex1Au2o-H1hG6wkZSobdgpEDmE,,小明剑魔|连麦PK|对口型,,
,情义,大话西游2九歌。,1167157213,UID68317654391,https://www.douyin.com/user/MS4wLjABAAAAvgjoD17jnSPn16S9ZveKV3sYH4VooS8qZ0TVWqca0j0,河北 廊坊,日常,,
,情义,大话西游2曲终人散,35606592401,UID3312170248963203,https://www.douyin.com/user/MS4wLjABAAAA4UWVQhmnIg3bCTaYeAN6sqiaQpiR0guiK16jV7M9-tkOQs1kDrddv-A5tyTzOUSf,天津 天津,日常,,
实拍,星河,大话西游2蜗牛夫妻,woniubanzhuan,UID1275024430082984,,河北,实拍夫妻,夫妻,
AI,星河,大话2九天揽月,1684936300,UID101776627281,https://www.douyin.com/user/MS4wLjABAAAA6YjxwjTItvYOnbLIoEycNSS5hbyxOujvDKLBigOOKm4?from_tab_name=main&relation=0&vid=7473374814628089098,,搞笑剧情|高清美化,,
AI,星河,哈尼宝贝很暴躁,hanibaobeihe89,UID106386676883,,,,,
实拍,星河,小虎玩大话,1596584880,UID105040202195,https://www.douyin.com/user/MS4wLjABAAAAj6EiLGjsa3TUvnwbSx16S8sjWAvqclUFXTVRlELF0nw,河南·郑州,潜力可孵化,,
攻略,星河,大话西游2经典版,lan40t,UID4493039855731817,https://www.douyin.com/user/MS4wLjABAAAAxqR6CymIoBG7mbTamys03VKPI3Mrfro7cH8a8bnGe4rdNeSUosQhrHxNoKYTlZrn,,,赛事,
AI,星河,大话西游小强,838868719,UID96911224104,https://v.douyin.com/vO_Zr95SyaE/,,小明剑魔|演唱会|创意,八卦,
AI,星河,大师兄是个老六,54267799523,UID2346795245515163,,,,,
攻略,星河,大话西游2无悔,1442525058,UID104165263456,https://www.douyin.com/user/MS4wLjABAAAAOMMbzMvrDB7Ay5ka65dKwd46gsnD4hFvc3aCk_q2lNE,,,八卦,
,情义,大话西游2晓婷,77240612290,UID3729964094464413,https://v.douyin.com/Yd0LE_qx0Cg/,,攻略,,积极调优
,情义,大话西游2贾公子,F3AAAAAAA,UID3470499441543742,https://www.douyin.com/user/MS4wLjABAAAAG80lxVc42gG2V8vhii0__yKePyBM3Yg22x4xX2bPHtUm7WkpbsbpzVesUSZcWgyS,河南 商丘,日常,,
,情义,大话西游2盼小花,huishousuliao123,UID93733877893,https://www.douyin.com/user/MS4wLjABAAAA-imCdHMaUNY2SuJ97Ou3YzmT-z1aXK33ag-51ib5smY?from_tab_name=main&relation=0&vid=7483290735593229626,河北 石家庄,日常,,
实拍,星河,大话西游_肉丸子,40624368131,UID1715714518170467,https://www.douyin.com/user/MS4wLjABAAAAZTLV14S1MkOeADbGm3-lBxXRh0C-47dCI1Zpu162Myszto232GOEppdFVgRfOhwC,陕西省/西安市,实拍讲解|发过亲子|可孵化,,
,情义,大话西游2蛋蛋,95303706477,UID537019268998077,https://www.douyin.com/user/MS4wLjABAAAAkBlgknJ5MePuNMuGIvcWd7CCcL9U8o5cqNAsEWvbDkw,河北 保定,赛事,,
AI,星河,熊猫爱喝啤酒,50674477693,UID109636825530,,,,,
,情义,大话西游2爆米花,102179302,UID65104685103,https://www.douyin.com/user/MS4wLjABAAAAGXc6vaBQGg6B0oq70tc7aSGu1BHNq8ZU2dpL1C0RwUY,河南 商丘,日常,,
AI,星河,xy2八达,xy2bada54016,UID241497684317325,https://www.douyin.com/user/MS4wLjABAAAA1WKgMY7PeGm70CYjrjOxev-2cOyu7ILW9X3Ma3wflRQ?from_tab_name=main,,小明剑魔|对口型,八卦,
实拍,星河,大话西游2糖心儿,1835511115,UID70079008149,https://v.douyin.com/jJmL4cZ2bBc/,,颜值,,积极调优
实拍,星河,大话老秦,146168078,UID60585796844,https://www.douyin.com/user/MS4wLjABAAAAnyGWkNOQ7kXTodHjjP4Wfb-_MTlRuH_izFeDJpXiop0,河北,,,
,情义,贾金柱,DY534156339,UID104915901121,https://www.douyin.com/user/MS4wLjABAAAAYkw_rBFCph47fRGSYuDOLg8AaivdrDCCPo8MNcO63uc,河北 定州,日常,,
AI,星河,小话小话,lshjw,UID103648989714,https://www.douyin.com/user/MS4wLjABAAAAkhPLHtDMTKMitKWtts1D3c3-hIfjdbz1pw2FnmKj4cU?from_tab_name=main,,李羲承|角色变身,,
AI,星河,儿歌三百首,aminkang,UID62849570556,https://www.douyin.com/user/MS4wLjABAAAAKNxgHDUSCjPZVdYgixGrD8kx56olmmPRC1z-h8qH3bM?from_tab_name=main,,小明剑魔|影视创意（包勇大号）,,
攻略,星河,小曼,1755235450,UID73885723981,https://www.douyin.com/user/MS4wLjABAAAAbtCog-A1c9MWUvJF9Z4zn4QZbNOWpL5mrPEN2uwmlPE,,,赛事,
,情义,大话怀旧杀手广,1188629525,UID97431605064,https://www.douyin.com/user/MS4wLjABAAAAxyobGzPyZkjDsc6KfkODMhqq6p1PnliMc5r9HWDwkDg,山东 潍坊,日常|赛事|资源,,
实拍,星河,大话西游2柠小檬,Yo54320,UID2208268760653292,https://www.douyin.com/user/MS4wLjABAAAAkZhkaMdtWe30fIy9y5X0Yn2hjhr-nf7K1F3Pu8c3jF-_iXMEU252df4-1KnEh4bu,山东省/临沂市,实拍大话周边+亲子|创意可孵化,,
,情义,躺平的小咸鱼,60403549563,UID1005389016210247,https://www.douyin.com/user/MS4wLjABAAAAHSFlhhBePp7y8-iru5AZaRyazQVekYv0jhJi_KZyJTWt6j7NS18y6zHrNtD6-qfc,河北 沧州,日常,,
,星河,大话西游2丫丫,yaya86234,UID892422117408254,https://v.douyin.com/2NVeP2jX8tE/,,攻略,,积极调优
,情义,大话西游2嗜魂人生,52cc9989,UID111242819941,https://www.douyin.com/user/MS4wLjABAAAADvavaLWadlv5Zu4six-XWhs3jaDOzuQvx662gj_4ZTk?from_tab_name=main,河北 保定,赛事|日常|帮主,,
,星河,大话2怀旧 脆脆莎,55658686760,UID1887235771991060,,,,,积极调优
实拍,星河,大话西游2 阿雯,47582848900,/,https://www.douyin.com/user/MS4wLjABAAAAewNGYyHoek-A2jwZrFTeB28IJcmXjAMcIYyN2_c88GN9vws6-VJjMIBemyrGpn87,,美女|潜力可孵化,,建联不上
AI,星河,大话西游 2 小燕,69427624708,UID163185638255950,https://www.douyin.com/user/MS4wLjABAAAAsM3cLcbqSgPhlhk4TGK8ovfkzgDKa2JDD6pnNEZkuFo,广东省/广州市,实拍新闻模板,,
实拍,星河,大话俏千金,dhqjj,UID3883099046558883,https://www.douyin.com/user/MS4wLjABAAAAJblDxvOxz8tDFKeGifS7s87E-YwkF2ov2YmUlZuTEiEBYaBmtgccHHHMrfHXxcX9,河北省保定市,实拍新闻模板,,
,情义,大话怀旧刺花,27742211024,UID7455878991347090490,https://www.douyin.com/user/MS4wLjABAAAAxLVXXSKt7Jl1rT2I70JeTn4LV5Aaflc2UvAuAenxc578lNpFg_pnCZ-Ly1iORYI1,山东 淄博,赛事|其他,,
AI,星河,小北,589816401,UID95253092256,https://v.douyin.com/Z1ldXd4CeMs/,,小明剑魔|怀旧变老,,
实拍,星河,香菜糖醋鱼,xiaoxiangcai63,UID813289532823107,https://www.douyin.com/user/MS4wLjABAAAAtRipsNuNyffEHg853afpMziIsCmTjs143rf-CkTwi5E,河北,美女主播|搬砖生活,,积极调优
AI,星河,大话西游靓坤,27569800267,UID4057645738100186,,,,,
实拍,星河,大话西游2 阿云,44567099114,UID3026335510299976,https://www.douyin.com/user/MS4wLjABAAAAJft8wPZdcWssx-DKHtNPnjt4laP78-w2sFj6CEBegdjF3bZlLtLhxP8LJlRkO8Pk,山西省/长治市,夫妻|创意|搞笑|潜力可孵化,,
实拍,星河,招财小萌主,1808618830,UID108434428068,https://www.douyin.com/user/MS4wLjABAAAAscwxMYuqqs-hnTftWIVI96XIsbLaF0hYF1u-9VsDA18,河北省/石家庄市,宝妈|搬砖生活,,积极调优
攻略,星河,老虎怪,50919358952,UID308299925314600,https://www.douyin.com/user/MS4wLjABAAAAApKlUxIaTZ7zwtDUWXzzNoZx8Ci8gcwSqMr1A7kG7Dc,,,版本,
"攻略,赛事切片",星河,抖音二狗,O66666999996699,UID3597225351982496,https://www.douyin.com/user/MS4wLjABAAAApJmaZGtLNPCSjgaxTgvn4eEIL-hzPb-6hL_l8XK8Qz78qELxpXy2yeSCWh5HRPAY,,,"赛事,八卦",
"AI,攻略",星河,大话西游2萱汐,Hrf88888888ysbj,UID105185863568,,,,版本,
,情义,大话西游2华夏,dahua266166,UID219507497375783,https://www.douyin.com/user/MS4wLjABAAAAPKzjmR22VPV5Ctj64XA4UdoX0leeiYUH0cZ_fPgLuBA?from_tab_name=main,河北 石家庄,日常,,
攻略,星河,大话西游一达,da15063583066,UID105916662597,https://www.douyin.com/user/MS4wLjABAAAAuRk7oI6bylO8hvySFTE1vTNj9ehJ4g9zSZiu_QYQ6CA,,,"赛事,版本",
,情义,大话西游2玲玲,2046101490,UID88122356714,https://www.douyin.com/user/MS4wLjABAAAAqJr65Dh4qn-QifPqYZOHqPItX7COOTPBhv7vzNeG3CY?from_tab_name=main,内蒙古 赤峰,日常,,
实拍,星河,大话2~安心,864661679,UID97045772376,https://www.douyin.com/user/MS4wLjABAAAAfyjFpst0cFo_gp-3h1innGV0YqF4V2OoeotEKu9q8fA?from_tab_name=main,山西省/忻州市,实拍新闻模板,,
实拍,星河,大话西游2朵朵,Monkey5077,UID2973499128545699,https://v.douyin.com/MlqJrryEZeI/,,搬砖生活,,积极调优
实拍,星河,大话西游2团子,93654499,UID61063245186,https://v.douyin.com/pRLQRTJZ3lk/,,颜值,,积极调优
实拍,星河,小剑一把（缘定）,583612765,UID95033381743,https://www.douyin.com/user/MS4wLjABAAAA-CMiBL3cU9AnR78C2-pwCkRdKUEhdjP-VDfHDZyibxc,甘肃省/天水市,实拍卖水果老板玩大话|可以起新号出系列,,
实拍,情义,土豆土豆,175118421,UID61936435427,https://www.douyin.com/user/MS4wLjABAAAA_plguysJ2OkGipnJq9cuL3vOJyqjBhUwedCUNxzi7dw,山东,剧情演绎|创意恶搞|小明剑魔,,
实拍,星河,大话2严小晶,18839410817yjj,UID77985887204,https://www.douyin.com/user/MS4wLjABAAAAiDQ1rV0KcDZfdAMhJQgOh7I1Zrd12XAIdW03-fCM9Qg,河南省/周口市,美女主播,,积极调优
,情义,大话西游2东少,1080201990,UID100578615053,https://www.douyin.com/user/MS4wLjABAAAANN6seNPF_mIBouSuHprm0QDcfq_Ybvw78yxqDh1T0Ek?from_tab_name=main,河北 沧州,日常,,
AI,星河,xy2.小白龙,1208249799,UID52531121565,,,,,
攻略,星河,大话西游2李大胖,pozhusi,UID3333364260800183,https://www.douyin.com/user/MS4wLjABAAAAXrH5OG_ZQreyjxVQNzLu-zc-z8ukhmHYbCqTR-scTfG5bHnDR6S6u64Y1OEqrbwF,,,赛事,
实拍,星河,大话西游2哎呦,1088139608,UID100694075571,https://v.douyin.com/AO6vEbrUEhk/,,cos,,积极调优
实拍,星河,大话梦想,aiwodezhuzhu,UID1231891571936574,https://www.douyin.com/user/MS4wLjABAAAAYzbIf25RCT9oo15xdZMo1mGghvp98loUKxCENIZ4yfQ37ir3g8QTxEWlM1ZZzyea,山东省/青岛市,实拍新闻模板,,
攻略,星河,大话西游2?追梦人,djj05080318,UID4221778568424976,https://www.douyin.com/user/MS4wLjABAAAAfudatGoX7ZNOv7-QzuAsAq67X6KmZycDpHPyY7fXx5m4tt_3tmQdayIDSNFL1MMp,,,八卦,
实拍,星河,大话西游2小兮,49153386343,UID3092273657031100,https://v.douyin.com/YnrsPjngPpE/,,,,
AI,星河,超梦,113513tw,UID1578520413473532,,,,,
AI,星河,魂莲,tsdxwudzsjb,UID100244481002,,,,,
实拍,情义,王小甜儿,Nn61066,UID60725064191,https://www.douyin.com/user/MS4wLjABAAAAF6qA577kKF-6oRKunTqUF_haCm_e8LXVle071pV6bt4,河南 南阳 ,剧情演绎,"夫妻,颜值",
,星河,大话西游2甜妹,tianmei2024,UID1308831543466512,https://v.douyin.com/xnxOcTzRhU4/,,攻略,,积极调优
"AI,攻略",星河,大话2一个大卟刘,52192126162,UID2670065021886480,https://v.douyin.com/b2bgIjsZlSk/,,小明剑魔,版本,
,情义,吃瓜群众、,mb66898,UID110843026578,https://www.douyin.com/user/MS4wLjABAAAAqD49sETz_SlNKs6Z_kFhgitQ_cVG7C0II_zZVYn_85w,陕西 西安,赛事|其他,,
,情义,大话西游怀旧-灬震天啸,1896516937,UID109754311308,https://v.douyin.com/i5g4tpp5/,山西 忻州,日常|其他,,
,情义,大话西游2冰雨,jintianyouyuan,UID3676359958209991,https://www.douyin.com/user/MS4wLjABAAAAEmZ70mX-XvfTt6qOZuYoyikyXL8M8wR8tk7za5y4mE2FN8F5WnTwyJ4TJqS24JgB?from_tab_name=main,山西 晋城,日常,,
,情义,大话西游2四大皆空,chen42103165,UID2418560994650103,https://www.douyin.com/user/MS4wLjABAAAAXWMlNRctWkpIG_TLN9ndCmH1BUx17JUOe0bf9dU4MgQxaaAWSvUi1uoOZuF3MVUu?from_tab_name=main,山东 枣庄,日常,,
实拍,星河,大话西游2五福星,MH1773560,UID72891912950,https://www.douyin.com/user/MS4wLjABAAAAmywnh1ADjfAqGXRTBrKVpxsIwEISLZaXRWBozjffZUA,山西省/晋城市,,,
,情义,大大的话,33648737,UID62960006096,https://www.douyin.com/user/MS4wLjABAAAAV9jvsc79iE4dqYPVUBDvvcMsov_996vEahf5yXu-S3Y,河北 保定,其他|日常,,
,情义,大话西游免费版小宝贝,21235909505,UID767910068624330,https://www.douyin.com/user/MS4wLjABAAAAmybkZHnqLC9XHc1sdMfKEFi9Ej1ZrOYe3W80px314t8,江西 萍乡,日常,,
,情义,大话西游2梦～,fangjie31584,UID3540070299087028,https://www.douyin.com/user/MS4wLjABAAAAb3EPJA2MH6jx-Ihfxxuws3-xFFhfUD35AaWdEhVFLyfme9B4ZxBdNTdL19hV5euy?from_tab_name=main,福建 泉州,新服|其他,,
实拍,情义,大话西游2追风,23948226977,UID1798454330789467,https://www.douyin.com/user/MS4wLjABAAAAUcjJIKBYHk_PAItDuuEsRBf-9J6ZvcMxRmXczJppPOwXq9R3BcxMD1I_mi_V__e7,安徽省/阜阳市,剧情演绎,八卦,
实拍,星河,一瞬间????,385753814,UID69771120239,https://www.douyin.com/user/MS4wLjABAAAAnNrXz1dPi1zbEpIAG5_ZVG4uz220QOjyFpD85cLyA6g,山东省/青岛市,实拍新闻模板,,
,情义,小水妖,199472697,UID52623737329,https://www.douyin.com/user/MS4wLjABAAAAWZLWr6OTDTYgT5a0h5xXUCOsGH6Nnxce6pkadAnLAb0,云南 玉溪,赛事|日常|资源,,
"实拍,AI",星河,早中碗（青龙）,yeegoo16,UID3667574990047031,https://www.douyin.com/user/MS4wLjABAAAADQ4oIXQEqC3M4GQUtMQnCKUt14D0CLaB8qN5h-Q16LkG2JAl2CSPKkw-JkafKFjt,河北省/秦皇岛市,创意|潜力可孵化,,
AI,星河,抖音小猪手,853544400,UID70008046440,https://v.douyin.com/psfvlJNuCVM/,,小明剑魔,,
剪辑二创,星河,拔浪鼓,48940083099,UID1209890033641613,https://www.douyin.com/user/MS4wLjABAAAAqQaGZHii2a-qBWcBGc_Fzo2NuClZTSZKngG4UVSm0aW4ALTdrRPoPkXnxH758U-2,河南省/新乡市,实拍夫妻新闻模板|较优质,,
实拍,星河,大话西游2钟琳,Zhonglinmeimei,UID2528508908417246,https://v.douyin.com/xFQwN4bawDI/,,剧情演绎,,积极调优
攻略,星河,大话西游2圆梦,86460176291,UID851438494554825,https://www.douyin.com/user/MS4wLjABAAAAwGzhKlgwKaRlUAaG1Ic7u0o-n6CrPI6uMLRVstUCmjg,,,八卦,
,情义,大话西游2小飞,65187680153,UID2889988156166516,https://www.douyin.com/user/MS4wLjABAAAA5YO-TGitETkBCcr1Q2vtOiTC1vi9fPhVhpHdGtwMAdEvIh2AFC2mRXGnlIQ0E9lU?from_tab_name=main,山西 临汾,赛事|其他,,
"AI,剪辑二创",星河,小伙大话2,cake15637273017,UID101152709552,,,,,
,情义,遥星,1145549983,UID63673758985,https://www.douyin.com/user/MS4wLjABAAAA-8KIUZNZrN5CrCWR-zhujGpmYAWvDLdkLCe5yx6TCgQ,浙江 义乌,日常|其他|资源,,
攻略,星河,大话西游2吉普,Fanxinggzs,UID1961141985869991,https://www.douyin.com/user/MS4wLjABAAAAYrAOcJJLd1rWCWtaghxpo5e8sjypTCVSuNqk2C-nY59p6c-ewy6ZhBUJtAPEstsA,,,八卦,
实拍,星河,大话西游2 晨誉,948426936,UID61753896065,https://www.douyin.com/user/MS4wLjABAAAAL6Sh76QEwPI2jWjh7j3pHJIwYLwJSbS7Mv7CKVzTbFs,陕西省/西安市,美女|创意|潜力可孵化,,
AI,星河,大话西游2燕子,43052217564,UID3125273817258187,https://www.douyin.com/user/MS4wLjABAAAAiiFNrOV6g7mLHtsNRYess_uZM_RI0GarHco2OE17ydtQaawroCSIDDtqUisY93FG,,小明剑魔|队长vs队友,,
实拍,星河,大话2小泡沫,xiaofei612321,UID88716112389,https://www.douyin.com/user/MS4wLjABAAAAJOGIqYz9aZYJAU7QXCa1lPPlgamU69YYMJpj14jLv8A,陕西省/汉中市,小红帽老婆|发过亲子舞蹈,,
实拍,情义,大话西游2～佛系小阿姨,112790049,UID68776667504,https://www.douyin.com/user/MS4wLjABAAAA_XD2TVBxsHOo2MH9KkAaaWFiTetocBTjJOpqc-nRK_E,陕西省/西安市,Cosplay|剧情演绎,"颜值,COS",积极调优
实拍,情义,悠宝,dyn9stzdmqem,UID2880346588974900,https://www.douyin.com/user/MS4wLjABAAAAyIIdle00vDiNsJYlfcoDm13RylBzGlbguOXLIi_K90O12bmHmachxd7zs19k7aVb,江西 南昌 ,剧情演绎|日常生活,颜值,积极调优
实拍,星河,大白玩大话西游2经典,208308429,UID86014301866,https://www.douyin.com/user/MS4wLjABAAAANH8MsIBEKDNEKYbZ5iL08xNLgAHLqzmkVMRj2ELfaIs,内蒙古自治区/赤峰市,实拍新闻模板,,
攻略,星河,大话西游2蜻蜓,36066857494,UID2170848933592298,https://www.douyin.com/user/MS4wLjABAAAASYFlU84QVKCAMxAFSgaNoT5iRcB-hVxb7PIbXEnSddEwtv8AKSqYWXL1M81BtCap,,,"赛事,八卦",
,情义,大话西游2龙神,62856044,UID59898200745,https://www.douyin.com/user/MS4wLjABAAAApPKeqPsmaRroMxNfntYvm0vh8YMl9jq189Q2AlVJ5BU,陕西 西安,日常|其他,,
,情义,大话西游2简单哥,jyt1233211234567,UID1191494583852493,https://www.douyin.com/user/MS4wLjABAAAALXPrxbUm_kk86OfZPL29Pg7gvFiF2JykdwB14fwOqjSbbnRreK_NQh-nK7GqPozS,河北 定州,日常,,
AI,星河,大话西游2桑迪,1057597716,UID100220775778,,,,,
实拍,星河,宁杰通讯小内蒙,njtx77778888,UID60453274213,https://www.douyin.com/user/MS4wLjABAAAAUAjVclX8kLOyJJAFhtFSvuApfl-O40YnyLzswVvF7H0,内蒙古自治区/包头市,潜力可孵化,,
,情义,《大话西游2霸气》,zhen636363,UID3245409170131326,https://www.douyin.com/user/MS4wLjABAAAAnvQQ5k4yx1cD_ALX1GUFh6WpeUGe3VbxBGksz0GI7yxx5bh_KG6f_NNoKNtWbvrR,河南 新乡,日常,,
实拍,情义,大话西游2茶茶,31429437067,UID1517746717212044,https://v.douyin.com/o9VI_KRe90k/,,唱歌,,积极调优
实拍,星河,大话西游2 飞哥,2029769877,UID100047590111,https://www.douyin.com/user/MS4wLjABAAAAta2hAjomQxuP8mFGOE6C2Qep3TTTqES5DDhInMUCiP0,河南省/焦作市,实拍模仿|创意可孵化,,
,情义,大话卡卡西,cc36364532,UID3035098928386752,https://www.douyin.com/user/MS4wLjABAAAAsgvmsx89Ywdq-yQ8ir10UAFAlG5TWP5nxIlLu5ScPctO4b9HTnCvM7-K9dDfH-YA,广西 南宁,日常,,
,情义,大话西游2—小毛,42767517137,UID2019168964057064,https://www.douyin.com/user/MS4wLjABAAAAsfaev7GOZY7rHISOaRPLtS0_kqVnpJjTmCWmr7MqCwozaASdZbbcbegfEqXAj44C,山西 临汾,日常|其他|资源,,
攻略,星河,帝言,7794521d,UID106175919303,https://www.douyin.com/user/MS4wLjABAAAAxlbEMMLbAYuvjg9YUWbxTyIn_sZ6FNCPFPyfxADvzKw,,,赛事,
,情义,大话西游2小米,91317921336,UID4471077377147950,https://www.douyin.com/user/MS4wLjABAAAASbL_1nZM3x8PZ84b86BKsGhplc9ByGkM_f7lowvrbF8arN_nK5oHZFdxQ3J59rxW,山东 济南,其他|资源|日常,,
赛事切片,星河,大话西游2讲鬼故事,xy2tcc,UID833875968004458,https://www.douyin.com/user/MS4wLjABAAAAOPvqRUnWNiH3rc0ZrkJ28n7GXYguzLFmz4o6Z14trk0,,PK剪辑|战地观察员,"赛事,八卦",
AI,星河,大话西游2-人间与繁华,613919498,UID95824363952,,,,,
,情义,大话西游-小兵,dhxyxiaobing,UID605200276787962,https://www.douyin.com/user/MS4wLjABAAAAGkz6hqEHDfsXPgAUvb5qtJ7VQnnaIQlrx8M9LrNjzFk,山西 朔州,赛事|日常|资源|其他,,
AI,星河,大话西游2老丁,54367979281,UID1066973611952825,,,,,
实拍,星河,搬砖的老陶（带女儿打怪兽）,68246222599,UID2562297471185412,https://www.douyin.com/user/MS4wLjABAAAAXRZ1IFwgJLsPMutesHTxPIbpDhITGzkje0uYfXSwiH9OxwaEVh5B_wvJbOu9oELR,山东省/聊城市,日常生活|搬砖救命,,
攻略,星河,大话西游2何大雷传奇,34687409208,UID3184645138023255,https://www.douyin.com/user/MS4wLjABAAAAQSiEgmTAyJ4MjsQRxW7qPKIUYMKqBMstpTZsHbK3heQ0gvT_fpcG8b6KkVrVxrLr,,,版本,
攻略,星河,大话西游2遇见,72732488285,UID1680529419155319,https://www.douyin.com/user/MS4wLjABAAAAAevYe_dBRx0_jEl9oYHk0S5Yy3q5EhiW4mw0IrV_LxPPo6tz6mcjwlLxzho8dqgP,,,,
,情义,大话西游隆冬,94929920,UID71919864374,https://www.douyin.com/user/MS4wLjABAAAAKbsTohTZNt7MwDnwlX4s83f-VWGzgqjJzyS3CZjKaNM,河北 保定,日常,,
,情义,杯莫停吖,21807583851,UID2775607296402238,https://www.douyin.com/user/MS4wLjABAAAAe97n-90ejoqyFwWnZgTZYEuPrMeKOoohh0-MVBvDcId0-WE3_b8UkF1fVufoExQ3,山东 泰安,日常,,
实拍,星河,大话西游-云妖妖,yunyaoyao1120,UID143396010728696,https://v.douyin.com/7MvxnR1O3lQ/,,攻略,,积极调优
,情义,大话2龙魂,g308667302,UID2189844483942839,https://www.douyin.com/user/MS4wLjABAAAABlKWvanpQJja1LsttbGLnSV0JMwI2TfZoc1k5JSRcE7UAHyHgMQBw6itoWkfQ0GA?from_tab_name=main,广东 东莞,赛事|日常,,
AI,星河,大话西游2阿呆,2241419318,UID2044727033336803,https://v.douyin.com/i5cJAv8L/,,小明剑魔,,
AI,情义,大话西游2小趴菜,59975215816,UID3864141428967248,https://v.douyin.com/CgoY8-tzPIw/,,搞笑短剧|新闻联播|大话跳舞,,
,情义,明若轻兮?,25860157691,UID2164284852022024,https://www.douyin.com/user/MS4wLjABAAAAwwV5ANHTtGF9nxt3Dn-X22JJpAr2qdH4GUNxGkyyQmiIE9s6GvLGU8LL_eD2sEuq,辽宁 营口,赛事|日常|资源|其他|新服,,
AI,星河,大话西游2小邪,dy9jjhez99gz,UID60446711474,,,,,
AI,星河,韵羽小土,47518091332,UID134579358805580,https://v.douyin.com/7yShwC0tPH4/,29,搞笑短剧|大话演唱会,,
实拍,情义,大话西游2楠宝吖,1065998797,UID100372458329,https://www.douyin.com/user/MS4wLjABAAAAUbKSSDbjke_CIHZQT2UjW5Zc-aSNlLhnvZrhRNNjeKA,吉林,剧情演绎|家庭生活,,积极调优
AI,星河,番茄炖蛋,reignsyao,UID426243473291677,https://v.douyin.com/FkapWzpE5TE/,,小明剑魔|高清美化|骑车,,
实拍,星河,大话西游2小暖,70334040354,UID4163182199050505,https://v.douyin.com/ma10b3mGELI/,,颜值,,积极调优
,情义,大话西游2小雨爱猫咪,Dabaozuiguai.,UID2374546015923240,https://www.douyin.com/user/MS4wLjABAAAA7ZXploKSQL2Phnr5SADaGVHp695bOE6wITYdBy01bEoV723LgZGcitgc1L7e_eeL?from_tab_name=main,吉林 白城,赛事|资源,,
攻略,星河,大话西游2赵公子,627570015,UID86755086462,https://www.douyin.com/user/MS4wLjABAAAAHYDdXqKQsYNDjjaNEQ6vUbjnHc83wXpKLsNCNSTUQgs,,,赛事,
实拍,星河,大话2小红帽,xiaohongmao001,UID101581420573,https://www.douyin.com/user/MS4wLjABAAAAUJCrtKnbgYOnzMdpRVwPvV9JoRaeG6ee25RzgMoOFcc,陕西省/汉中市,实拍炸串|潜力可孵化,,
,情义,北城666,1092275418,UID100730200918,https://www.douyin.com/user/MS4wLjABAAAAokngtuV1hF--85zrKqNiASSs3ejIrQxTXPb6AZfYtHk,河南 南阳,日常|其他,,
,情义,大话西游2大叔有点浪。,56260377,UID64007552929,https://www.douyin.com/user/MS4wLjABAAAAvO79W65SMaVQ5t0HJONJSgvmQ7tnK0hCal-Q3F-hxmc,山西 忻州,日常|新服,,
实拍,情义,大话西游2分手,26322533826,UID4303928053737348,https://v.douyin.com/5SInYMU4WPQ/,,颜值,,积极调优
实拍,星河,大话2六月的雨Aa,54070960467,UID125821091064808,https://www.douyin.com/user/MS4wLjABAAAADU9FoGD5KBx_xcKzdOxKVYNtUOjhzHr2oXVO-Okyh7U,河北省/唐山市,女玩家|发过实拍讲解,,
实拍,星河,大话西游2广西表妹,138424859,UID69361266033,https://v.douyin.com/Yfd3IEGLCc4/,,剧情演绎,,积极调优
,情义,大话凌天,1442679026,UID104182584778,https://www.douyin.com/user/MS4wLjABAAAAgqRVK8godNYaA2p0wcLVrmRC56CrDdipya_LM5CMWo8,贵州 贵阳,日常|资源,,
,情义,大话西游2陈小伍,591840540,UID95347397218,https://www.douyin.com/user/MS4wLjABAAAAgbyKiEE7lCN0u0ZpsmHt-WLbr0c-cYrl-ISOXQYq2Oc,河北 唐山,日常|其他,,
实拍,情义,大话丫头,Yatouya18,UID97591127301,https://www.douyin.com/user/MS4wLjABAAAA_AcK4g3cl9x9v1uIDiAoi9GGMAR9pxCnqJf336dTfOE,河北,剧情演绎,颜值,积极调优
,情义,大话西游2小夏m,910260855,UID98098051995,https://v.douyin.com/EXqaQp7XYeI/,,攻略,,积极调优
,情义,晨晓,m571296080,UID3307747988216207,https://www.douyin.com/user/MS4wLjABAAAAU3HQ5-QKKKCu-JOccG1UJ85IC1s3GKEe7kZVWZ6EIL3QVuk2pBoL0G0lZDiy1X66,广西 来宾,日常|颜值,,
,情义,大话西游2执念,1111111i9,UID58695614308,https://www.douyin.com/user/MS4wLjABAAAAgkvcioLSD30NPMioqfF7hN-ixfyUTFc9gRBm2MvVIJY?from_tab_name=main,河南 焦作,日常,,
,情义,戏子（大话西游2）,87973395369,UID3312143653418334,https://www.douyin.com/user/MS4wLjABAAAAC_n_NCKtyoqLZpD61dKVF3MKy6NZtqBiqa9m1D3Cmz0GZ86E0M2GMo9W3B8PQW_7,天津 天津,赛事|日常,,
,情义,乌鸦坐飞机-阿福,2017018503,UID99322674855,https://www.douyin.com/user/MS4wLjABAAAAu3zlG-4K8srmoHCdegdRPT8i8dmQsC0_Wybh9zMJff4,山西 介休,日常|资源|赛事,,
,情义,点点娱乐,JJKaoZhouXiaoMei,UID2436164338326911,https://www.douyin.com/user/MS4wLjABAAAAF_jJ5KKXmYdKGz1kCeJczkMQ_pvjg26FXmIcAKn-5IkMxTnxiEdoe6m0ZAozmx1d?from_tab_name=main,山西 河津,日常,,
实拍,情义,大话西游2菜大牛,wang321987,UID1772028942624779,https://www.douyin.com/user/MS4wLjABAAAAy0EmmcZ36Lxr5_QdO_rAMs8L-CngZhOFF5iUM_wMMuxa5wGgHBHrJR775Tkag_r-,浙江 杭州 ,剧情演绎|搬砖生活,,
,情义,二虎-2002,784425392,UID73588918033,https://www.douyin.com/user/MS4wLjABAAAAr27wMXruQwBArtqEEX3I6pTjWqEI60I6Bshg8wt3ybo,安徽 黄山,日常|其他|赛事,,
,情义,大话火毒随风,25627164050,UID2516140840990055,https://www.douyin.com/user/MS4wLjABAAAAcuuRxh5U1Ixt4JaIUKhmPd2hL3kQqPFMMfTZ4TpXxzyukCSygByQUSFTrS-tAlCk?from_tab_name=main,天津 天津,赛事|日常|资源|其他,,
"实拍,帮主",星河,花ル雨露°,icerain_9999,UID96397605476439,https://v.douyin.com/1jDZcH5mTqU/,,攻略,,积极调优
,情义,大话2免费版怀旧三哥,1171361375,UID101797916071,https://www.douyin.com/user/MS4wLjABAAAASKr87qLX7k0A1iHb9Zl3tucgpl5JOqN5KzJ2BnCvV6g,河南 安阳,日常|其他,,
实拍,星河,大话西游2小海,90724329167,UID1355063817405827,,山西省/长治市,,,
,情义,大话菜鸟达人,47934206218,UID585375818721899,https://www.douyin.com/user/MS4wLjABAAAAk3iZvw54nUKpmsKVQ-I4S3N12St_BVr8xuCR_WJFoMg,广东 佛山,日常|其他,,
赛事切片,情义,大话西游2怀旧服皓子,1610521168,UID71648359440,https://www.douyin.com/user/MS4wLjABAAAAaRoFMqMF8gSbHRZUiNRpH9xG6UkvGSapPZgLujGiL_w,河北 廊坊,赛事|日常,,
,情义,物理课代表,kejindali,UID436584069919,https://www.douyin.com/user/MS4wLjABAAAAA36zqPHef7SasPcnDHiFdYe4DLldtVvOKi9EteD9zxA,广东 广州,其他|日常,,
实拍,星河,Xy2秋天,776935363,UID63380519150,https://www.douyin.com/user/MS4wLjABAAAAW3EZvEbN7WaMuMTbbWc3kUYnrTtHLg4YgeEKO-Vu8T8,贵州省/黔东南苗族侗族自治州,实拍新闻模板,,
,情义,巫师608,1063894841,UID96625600424,https://www.douyin.com/user/MS4wLjABAAAATIgwqJMe2rHV0HLGBJIQkhaK8327V_5aJE7iwz5hT_M,河北 唐山,新服|其他|日常,,
,情义,大话西游2小绵羊,y625311303,UID479842679132551,https://www.douyin.com/user/MS4wLjABAAAAI30Y7T7yb_UK2gl0BzzMQIGDegJD1ot5Waftv5IUNiI,河南 安阳,日常,,
AI,星河,大话西游2大牛比较懒,1670104942,UID104095881508,https://v.douyin.com/i5vE9oVW/,16,角色唱歌|怀旧故事,,
攻略,星河,大话西游2酒徒,bj150043201181,UID1330846184251529,https://www.douyin.com/user/MS4wLjABAAAAxX-D0GjAdGBOm2ny3pQlIB3zxJpMSwliW4r7Fv4R4P4UFcdXfdoq7OAL7CRplV1K,,,"版本,八卦",
,情义,南笙丶,65982285923,UID1350617979689971,https://www.douyin.com/user/MS4wLjABAAAAIEjckvYod7P3nV9VACnNBhpcb8-1CuQr_6NFY5RNRLhQdBKzrxCxrgzoYksuv1Rf,山西 大同,赛事|日常,,
攻略,情义,大话西游2叶子煜,Y02041212,UID224777873923871,https://v.douyin.com/WiF2P-amwnc/,,专业剪辑|攻略大神,版本,
,情义,大话西游2观世音菩萨,GGNZ888888,UID1050780072154296,https://www.douyin.com/user/MS4wLjABAAAAFh9Y1g6skTu0bxXyE3ANU2LvVPStKrf-YkSddtn9yc_aGxjRk1bSWTC-jOTFlMMU,河南 安阳,日常|其他,,
,情义,大话西游2女儿奴。,47761983799,UID2096083285316964,https://www.douyin.com/user/MS4wLjABAAAAaGJYfUrLSWqOVZ1q2TSU9JN09gmqps1VdvGo0lB3V7Ryb0yVf2gkwxXWyrQzDzZ5,浙江 金华,日常,,
实拍,情义,大话西游2挖机老汉,zwy007008,UID96881393741,https://www.douyin.com/user/MS4wLjABAAAAdqiSVo0t0wGOJbXlhy1rfGxpyTEZ3iE6WBmpune68YM,甘肃 兰州 ,剧情演绎|农村生活,,
实拍,星河,大话西游2小龙,1756482520,UID106483542257,https://www.douyin.com/user/MS4wLjABAAAAv0NuZrmgJ6FyqnTIxdD00En9PXWdso-ANqH9v8nNbJI,陕西 西安 ,实拍资讯解读,,
,情义,大话西游2招财,90052901300,UID545778838802807,https://www.douyin.com/user/MS4wLjABAAAAHWIo7Ilz0jyH6rR18gVvtDmdHIMh5dMQokFvgc_7R8I,河南 新乡,日常,,
,情义,大话西游2、流星,YYL_999,UID70599116485,https://www.douyin.com/user/MS4wLjABAAAAaOI4wuwVzvaWrDLcp5v1SgEnjv1Esbw_piGlZ6Tn0vg,河南 濮阳,日常,,
AI,情义,毒山崽,40913319,UID63541341838,https://v.douyin.com/i5vE9eMk/,,创意剧情|抠像大师,,
,情义,大话西游2路飞,45402856014,UID7475603092836287547,https://www.douyin.com/user/MS4wLjABAAAAlpLhSS8VK6DeZx4VtK27UMWYi4n4KgcPLpXnJssKgYI,山西 太原,其他|资源|日常,,
,情义,大话千禧,dahuanxi7727,UID1930395121630547,https://www.douyin.com/user/MS4wLjABAAAAoOseCFnN9JtDeRdtVHU9510xuC5ERZitERi3RUQVlIAlmvFqydMnstdnSQsHu9Gu,河南 焦作,日常|资源|其他,,
,情义,小迷失,957648131,UID97993580724,https://www.douyin.com/user/MS4wLjABAAAAMpbfA-B9YW0Lz4A0isYkskQBgs2806NQrHYADm6dj_8,河南 焦作,日常|资源|其他,,
,情义,大话风清扬,290371649,UID71057320713,https://www.douyin.com/user/MS4wLjABAAAAPhkU8XlDeMCP8Lqre9x7eee2PmVMm0j9JukqqGWmVhQ,内蒙古 呼和浩特,日常,,
,情义,大话鱼哥,48328838,UID64197002886,https://www.douyin.com/user/MS4wLjABAAAAeaCHhLmTNBWRxvWvUwxNrAh6vC_7LMQQtiPYId2yarc,贵州 黔西,日常,,
,情义,大话2浩南,dh2HN,UID1881952223501982,https://www.douyin.com/user/MS4wLjABAAAA7rMhoXaXyuYIMjzBEpdpmskQcicn8B6Wogl8wVlfoS9dexkP3flQsnn_Q8AKKklN?from_tab_name=main,陕西 西安,日常|其他,,
,情义,大话2阿鹏,45067775381,UID4482085855699175,https://www.douyin.com/user/MS4wLjABAAAA_litfWZ3hI1Mt0gBptW6-PaLltGypxIkU2lkw5HMt5Hk0fuoeC1msaTLMXVyD3Tf,山西 晋城,日常,,
,情义,一兮°,jf10021102,UID1261869005799959,https://www.douyin.com/user/MS4wLjABAAAAxpOt5bMamt0NhlKuGuyZKNdvRVMJ9Rs2xLB41JdPYK1_i2YDMNQe9X0iOIqKPT41,河南 濮阳,赛事|日常,,
攻略,星河,我把情书卖了,53200529,UID64869472850,https://www.douyin.com/user/MS4wLjABAAAAZ7s8kPKmVbmWtbloj-0FfMlSgGqeus71lUIewr5JMf0,,,赛事,
,情义,在下王大山大话2免费版,DS01928,UID3175026683811806,https://www.douyin.com/user/MS4wLjABAAAAU7V95XipBNUbsNZAYUf7GsSGlNXs2acRplcimHur13ipNCnOXZYPCjqM_qSh7KHe,河北 唐山,日常|资源,,
实拍,情义,大话西游2千官,52783602546,UID743700175531412,https://v.douyin.com/nnsZPw4J4tM/,,攻略,,积极调优
,情义,坦荡大话西游2,mo2008103095,UID399828773254957,https://www.douyin.com/user/MS4wLjABAAAA-IjRMTyetrjVnjkmD2mnJ8zppch0VMrsP7jyfDz0FDc,广西 梧州,赛事|日常,,
,情义,大话西游2古大壮,2070884894,UID63687351537,https://www.douyin.com/user/MS4wLjABAAAA_FRrqJqy0lIu_Sb6Jn3AV7Xp_c2dZD-UCp1JgYSStT8,湖北 黄石,赛事|日常|其他|资源,,
实拍,情义,大话西游2允朵,52794826982,UID2733832900716521,https://www.douyin.com/user/MS4wLjABAAAA7y7Q5JcZ5YY6QokILjBVDQO7Hhf91DJ_vCbL8sNfUjGq1NqNTWWwK9fs0X0jZPwA,山西 运城 ,剧情演绎|搬砖生活,"经济,颜值",积极调优
,情义,大话西游2阿星,zxx6666zxx8888,UID54909364298,https://www.douyin.com/user/MS4wLjABAAAAPApfcjkvGSLZrbV_VL8aEEtIERwqUh_oRwkL_cxdJjE,湖北 利川,新服,,
,情义,高坚强,831189338,UID11862502173,https://www.douyin.com/user/MS4wLjABAAAAp1NthvS7n6AvVwna_-QaocbcrjeMkthyZNaTMx_Alww?from_tab_name=main,湖北 荆州,赛事|其他,,
,情义,伟仔娱乐,48504373932,UID3690412792883964,https://www.douyin.com/user/MS4wLjABAAAABqK2V1yTs_eyjYMs67yIQgF9fzZSUxj3MIzjyeIeMfowPA7vBZ_SV1Eg9TvSLQx0,山西 运城,日常,,
,情义,大话西游2叶凡,2199364489,UID4138180244674844,https://www.douyin.com/user/MS4wLjABAAAAXF9trzSD5QNIzz-bRA-9sGnmO078-prrFLHiiz3X7nQjV9nYbsuQsOucFoqYRvZ-,山西 大同,赛事|日常,,
,情义,草莽（大话2怀旧）,liudaxia18,UID3978481869270061,https://www.douyin.com/user/MS4wLjABAAAAV2BEkbIKv8W9JM6vFLkC7WbNmX1pjF5gzsXvvrIs8BWiZuY3EdiqWDwCNRdZ0ddU?from_tab_name=main,云南 楚雄,日常|其他,,
攻略,情义,大话西游2明尊,xy2_mingzun,UID1680466136540560,https://v.douyin.com/i5vEcyq5/,,攻略大神|专业剪辑,版本,
,情义,大话2免费版抖音大嘴,zui88888,UID57861294447,https://www.douyin.com/user/MS4wLjABAAAA1paI5CknnWwooomWM0Jt6tdmxM92Ivpz_8DxCr-9oW8?from_tab_name=main,河北 石家庄,日常,,
,情义,超神、大话西游2,1739896595,UID104969195220,https://www.douyin.com/user/MS4wLjABAAAAI5N-PPaNYwJhbcpBBLdRwPsF2ObT6KrcAHjjRPcYjtQ,河南 鹤壁,资源|其他,,
AI,情义,魏什么,1222259847,UID102140081227,https://v.douyin.com/HRnvAdmAYFU/,5,创意剧情|培训大师|高清美化,,
实拍,情义,大话2小猪佩奇,1838014556,UID93096874575,https://www.douyin.com/user/MS4wLjABAAAAaN-ect2S5ooVL2EVoV_PRi__yVioW4Rc7sMZpxqcRVk,河北 唐山 ,游戏观察员|攻略大神,八卦,
,情义,折扇公子,1170419415,UID95806234368,https://www.douyin.com/user/MS4wLjABAAAACYbTOXEvXQS0wL4lbJcYPStoInVNZMddOT7AXZxOirQ,山西 太原,日常|赛事|帮主,,
实拍,情义,大话西游2南鲸,69366967203,UID275312111526985,https://www.douyin.com/user/MS4wLjABAAAAQR7IAROswoD8cnmjlVuH4juGoqOF2r7Sul7zMUusTPc,江苏 南京 ,玩家日常|攻略大神,夫妻,
实拍,星河,大话2断弦,88007725141,UID3065860124844503,https://www.douyin.com/user/MS4wLjABAAAAlbiO67HgO5uaqZvtQeMlBevQCP6k6bgS7wBdqCAs-kDCHobCeSFMz1_Dpzqqxhvk,福建省/泉州市,单身父亲带仨娃|家庭生活,,
实拍,情义,大话西游2灵颜,wansuitu123,UID4371260278059087,https://www.douyin.com/user/MS4wLjABAAAA8cCh6Flhtf_7VIhzCLuUFfQAReQHirhUgRJNu9QAUze1WY2IAttJ3m1iz3cr8ZHA,河南 郑州 ,舞蹈才艺|颜值女神,"颜值,COS",积极调优
,情义,大话西游2渣渣洋,zhazhayang12,UID60322976928,https://www.douyin.com/user/MS4wLjABAAAArrc0-WamSOM5bPRdli1tE47jGL60fJgSfOAAo7ozNX8?from_tab_name=main,天津 天津,日常|其他,,
,情义,大话西游免费版??大東,dadong838588,UID1935566668313998,https://www.douyin.com/user/MS4wLjABAAAANFqLYQYYhZSOfGJMWeaQjsycJxQ3UsmJHFrmYmfyAjwqKnWZpRpQB318WLvb8GJ-,广东 中山,日常|资源|实拍,,
,情义,大话西游2一毛,dhxy2yimao,UID99941020189,https://www.douyin.com/user/MS4wLjABAAAAFXdabM5ND71EyoysHp4d1U4fu0KawfuL4nqjAOgP8Oc,山西 阳泉,日常,,
实拍,情义,大话西游2叶子,aiyezi329,UID111059073064,https://www.douyin.com/user/MS4wLjABAAAAn4PsWh4bo1GzDNX_vHJW0djU4oAz1eeNjoUtqcJ9E4o,河北 石家庄 ,剧情演绎,夫妻,积极调优
攻略,情义,大话西游夏洛特2,weichangfeng,UID58765449606,https://v.douyin.com/r-WHM8fKI9g/,,专业解说|攻略大神|PK大神,版本,
实拍,情义,大话西游2林朵朵,linduoduoyyds,UID915243115751728,https://v.douyin.com/ptOfZrpow3Y/,,颜值,,积极调优
,情义,幽游白书（大话西游2）,2Gou666666666666,UID86652686325,https://v.douyin.com/iYLR9ukb/,内蒙古 包头,日常|新服|其他,,
,情义,抖音无为,95005053857,UID4341345926784280,https://www.douyin.com/user/MS4wLjABAAAANhaX02SP7W35bJVoqk5zjSDZyZOJdHfNmtxk433gGfYZ2yZkR-_ARGwMWppplfuV,四川 成都,日常|赛事|其他,,
,情义,大话西游迪迪,54144982399,UID1797059257056845,https://www.douyin.com/user/MS4wLjABAAAAv3PRnv8Zxb73VWQncc_mDxCikaFXIMZJoI5UVTZnTQNiNTRmHhcuDsrwxeka2AwI,山东 临沂,日常|其他,,
,情义,赵光蛋,zhaoguangdan,UID61389957808,https://www.douyin.com/user/MS4wLjABAAAAO24VGr_ulYzZlkA0uukFmU08brzszbQy1rnXVl7g-Z4,山东 济南,日常,,
,情义,大话西游2麻辣烫,dhxymlt,UID325052768992253,https://www.douyin.com/user/MS4wLjABAAAAYewDKGWaPPJ0n2BJ8UPyn--AIPhHD-qR3pCgdFgtabq8yIOfw376H-axPs0BUbhQ,贵州 毕节,赛事|其他,,
,情义,xy2冷尘,dhxy2lengchen,UID4388849263317934,https://www.douyin.com/user/MS4wLjABAAAApikejFf1Q4LcAZieSNbviEtjEupylb46mifwEKAv0BRtED0V_AWbZaFL9iJpfv0w,湖北 武汉,其他|日常,,
"实拍,攻略",情义,六颗葡萄,liukeputao57,UID101556856193,https://www.douyin.com/user/MS4wLjABAAAA0ogluIy71KMLErFEB9tSgLV9oVgkedDH-79Lh7zlw3c,河北 邯郸 ,中年男性|创意恶搞,八卦,
实拍,情义,Xy2回忆,1904151277,UID98767380860,https://www.douyin.com/user/MS4wLjABAAAA6j-CN5QLvw6cTXcrz1LU_eMY3hoUs3-bQqgrewj3zto,内蒙古 包头,大话爱好者,区域,
"实拍,攻略",情义,大话西游2锐不可挡,songjita,UID1187083046361997,https://www.douyin.com/user/MS4wLjABAAAA4hBQetTRFaINeENca5AAASg-YGKTPkLKrXzK9DUonN6HeB7zMPMJzAzS_HJgsqnX,河南 周口 ,大话才子|攻略大神,八卦,
实拍,情义,大话西游2心悦,Kbinbin49575,UID106890018955,https://www.douyin.com/user/MS4wLjABAAAAuozNq-YujXvZvtM74mYh9kcBuDolBm56iVSormCtDAo,河南 新乡 ,,区域,
,情义,大话西游2c哈哈,clhaha666,UID2184045353504271,https://www.douyin.com/user/MS4wLjABAAAA18ZzAQ8o9oEv6hCxSFt1d-51rxw7xgSbW9fpDphjyoG_bgvMoo-oIONUlX-Uwsn-,内蒙古 呼和浩特,其他|日常,,
赛事切片,情义,大话西游2小强,614934240,UID81385679474,https://www.douyin.com/user/MS4wLjABAAAAaoxy56u_h62Hpkp32N_FiFkQFi2rnd2TUdYYNyZwkk4,河北 保定,日常,,
"AI,实拍",情义,頑酷游戏,45445006608,UID104407354445,,,,,
"实拍,攻略",情义,月舞,1751176475,UID79176182687,https://www.douyin.com/user/MS4wLjABAAAAAvBZD47TH3cJDawMSFXasRrDsBolKJC3elcqXSwCNqA,甘肃 兰州 ,剧情演绎,颜值,积极调优
实拍,情义,搬砖小妹,1837803098,UID108984530487,https://www.douyin.com/user/MS4wLjABAAAApDekrtn6vfsL_aGUwprFLG2UMOMRSrnjqBiwK9-rgMU,贵州 毕节 ,搬砖生活|玩家日常|农村生活,"经济,区域",积极调优
"攻略,实拍",星河,大话西游2静文艺,43360986233,UID102323334070,https://www.douyin.com/user/MS4wLjABAAAAAeDm48IOZdBVf9kL3VOn1ZiN9SlMB97zrZ_T3wNh_IY,,,经济,
"实拍,攻略",情义,阿拉飛,1444339234,UID104181990598,https://www.douyin.com/user/MS4wLjABAAAA63jMCKjJisJEhu7mzq3vhhqF7ZoJe72g0bMQyUWkk1w,河北 定州 ,大话观察员|新服推广,"经济,八卦",
剪辑二创,情义,大话西游2李长安,30974178523,UID10974178523,https://www.douyin.com/user/MS4wLjABAAAAHa0j44oCw3VQinMqy1TJxHVa3pKkejNEqAciUA3D1tQ,河北 保定,日常,,
,情义,大话经典录像,85072437,UID64499738156,https://www.douyin.com/user/MS4wLjABAAAAUWz0z8KBLq4Xt8OdDjYMF4EZwotfygoiS1EXBbemmaI,河南 安阳,不直播,,
,情义,大话西游2千歌未央,88888677,UID71369496866,https://www.douyin.com/user/MS4wLjABAAAAUPtu60nqoVtBDEcHMVJzb-lNd8vtRNvZLX-OMhfpVow?from_tab_name=main,内蒙古 鄂尔多斯,日常,,
剪辑二创,情义,大话西游2至尊宝,dhzzb0501,UID60786805465,https://www.douyin.com/user/MS4wLjABAAAASl1tvru_BSRUTckaWUYctyummqm8r83OTbCBbvIkUZg,河北 保定,日常,,
实拍,情义,纯小白大话西游二《每晚8点》,q3q5q2,UID75071562210,https://www.douyin.com/user/MS4wLjABAAAA163q_Ug_KrWn00V9chBXsJH3NlZR2xRDl8ZIcIBULUk,山西 太原 ,工地生活,,
,情义,小小酥 （大话西游）,77116990794,UID686555769085672,https://www.douyin.com/user/MS4wLjABAAAAIV6j94J0ZP_V4r5jhVqWOpmssqP7howtV4mAW9-c1kQ,山东 聊城,新服,,
实拍,情义,大话西游2雨妹,ym81599,UID84846958741,https://www.douyin.com/user/MS4wLjABAAAAdWOPa_nnbFo5t75IqTwvEPrkACd5jZZRRKylSSJYKYw,天津,几率瞬间,"颜值,八卦",积极调优
实拍,情义,大话西游2强子,38852488452,UID3861119737022078,https://www.douyin.com/user/MS4wLjABAAAAP5Fkh9g0LDCJzZBHWIn-OntAzKXEgMD7FUArI1MIOacPmZ2s8w2B_kADZhI7hJF7,山西 运城 ,搬砖生活|生活杂谈,"经济,夫妻",
"AI,剪辑二创,怀旧",情义,大话西游2点点,wangzzz17,UID3116453155046207,,,,,
实拍,情义,大话西游2莫莫大王。,momobigking,UID60430890830,https://www.douyin.com/user/MS4wLjABAAAAOGCP54k8SH706TLLYFo1pqRBBRe_EjUFeh01wPKdUIU,河南 郑州,日常|资源,,
实拍,情义,黑蛋儿,376299932,UID4148784676,https://www.douyin.com/user/MS4wLjABAAAAm7auYf7QQ1xCx2aeR813XtBUn-ezD1BP1WoA3iFl_58,甘肃 陇南,日常|实拍,,
,情义,大话西游2释怀者,Shihuaizhe45457,UID3720375547474638,https://www.douyin.com/user/MS4wLjABAAAAjYfRCf4XJHHPjYjITL4XqVy4r8C7HB9qU3HSXe90Z7-IQKDM15QGGFlFQwdGAZ9D,河北 唐山,赛事|日常,,
,情义,大话西游2佐小柒,I6608868866,UID1231898650092748,https://www.douyin.com/user/MS4wLjABAAAAd4Y99_ztvJ4pEa4Wci3iuP-efahp9ABHX0vD-_DH-vBnCp2D-x4GSJgnvHPCfREK,山东 潍坊,日常,,
攻略,情义,悠然视频,ur178998,UID2185471585425636,https://v.douyin.com/i5vEppeP/,,老号回流,八卦,
实拍,情义,杨小路,1472237740,UID104409183488,https://www.douyin.com/user/MS4wLjABAAAAyCfH29C7vNhwjJALk7VMXarfb8Q84Y3Qwng-7r62Ox8,湖南 怀化 ,大话商人,经济,
实拍,情义,一只奶龙,75166988132,/,https://www.douyin.com/user/MS4wLjABAAAAssFBN7Xy0iI3tOP1R8jKd5uM2r7UixquWP--GlPBMG1fQsLRWK9fG96swKgZk48-,陕西 咸阳 ,Cosplay|颜值女神,"颜值,COS",积极调优
实拍,情义,大话西游2亚菲,36370136546,UID2286608038800392,https://www.douyin.com/user/MS4wLjABAAAA8BZQb0t1GL5A7kvH3jUsxjjWTy3Ji8uqMMyY8fIw2vG1sYxV1-X7ufZ3pUnsOtFW?from_tab_name=main&vid=7480564228261252388,河南省/新乡市,剧情演绎|方言,区域,积极调优
实拍,星河,大话西游2梵星,1127375007,UID101346240678,https://www.douyin.com/user/MS4wLjABAAAAXKIK6YdrJHA2DG3JVXgrjsIqerb3cUOgPIMvxUY7T0g?from_tab_name=main,河南,女达人|潜力可孵化,,积极调优
实拍,星河,大话西游2星辰,2063891267,UID102722668697,,福建,,,
实拍,星河,大话西游2@烟花,2019623022,UID102779211870,https://www.douyin.com/user/MS4wLjABAAAAf1nJjA4uvfueE7hFDGt_hBvdW1POIuArgGSdXS_Exsk?from_tab_name=main,河南省/安阳市,宝妈,,
实拍,星河,至尊宝,27379170877,UID2063135603456013,https://www.douyin.com/user/MS4wLjABAAAAw8oOFFsXXjecHXDNXS4C-RqPd92Gy1vZC6hWmgp7DSgewd_MQbGfkc2HMAgkEWZs?from_tab_name=main,福建省/宁德市,创意|潜力可孵化,,
实拍,星河,（三）沙师弟,9527.549527,UID101029238017,https://www.douyin.com/user/MS4wLjABAAAADSteKr_WHYGi1gUkf7uJtYruWMZQMUBRqFJbqVcqN1E?from_tab_name=main,广东·广州,实拍讲解,,
AI,星河,包勇,anminkang,UID7481225748189332540,https://www.douyin.com/user/MS4wLjABAAAA6J2EZF-ACpJg2oSKh8nlEmX7ohwrWpwJuUBOdMKEEYBwfUut6cx56298q10ZmONu?from_tab_name=main,,小明剑魔|对口型|唱歌|影视创意,,
AI,星河,大话西游2、琴姐,qy3427191,UID17375978076,https://v.douyin.com/3PRfsU9HX-k/,,小明剑魔|怀旧变老,,
AI,星河,向阳生长吧,DY33669998,UID3707996069956280,https://v.douyin.com/MziqfhecIIM/,,对口型|唱歌,,
AI,星河,大话西游2 星仔,chujian86939,UID94928730797,,,,,
AI,星河,大话西游2老卢,1351925117,UID103609401527,,,,,
AI,星河,大话西游二@颖怡,22156259693,UID2388613178328943,,,,,
AI,星河,大话2甄好,93024193,UID53479462917,,,,,
"AI,攻略",星河,大话新区课堂,MFKDJ888,UID96774425339,,,,版本,
攻略,星河,大话西游2红拂,hf88882,UID4449081192353536,https://www.douyin.com/user/MS4wLjABAAAAmm8vwosjfHXKVANWnEZhoDk2gXWY0BKWBMlZczmFJ7ahaOyrsG2mw_DR1SFXzDoV,,,八卦,
实拍,星河,大话西游之萌主,63134554524,UID2302822084524955,https://v.douyin.com/FyoZRXWVDW4/,,剧情演绎,,积极调优
实拍,星河,大话西游2柠檬草,V138727110,UID62786911856,https://v.douyin.com/VmMnv9YygLQ/,,剧情演绎,,积极调优
实拍,星河,大话半夏,zzz0180619,UID4396319072328251,https://v.douyin.com/Rx0s1FHoXik/,,几率|颜值,,
帮主,情义,六道颜总 大话西游2,614270260,UID95861520582,https://v.douyin.com/7Xjw-rMpPos/,,颜值,,积极调优
实拍,星河,大话西游2庞老板,122089967,UID75211244174,https://v.douyin.com/7MKZKBjhSrk/,,搬砖生活,,积极调优
,情义,大话西游2メ伊人暧雪,276558033ax,/,https://v.douyin.com/Xd0cc4KakcM/,,颜值,,积极调优
实拍,星河,大话西游丶蕾兒,67823441094,UID4178577346279460,https://v.douyin.com/lBWxwKHqDPQ/,,颜值,,积极调优
,星河,大话西游2兰兰,71940407908,UID4431497863368185,https://v.douyin.com/PyYyuUBBQRU/,,梗图,,积极调优
,情义,大话西游豹子,1191995368,/,https://www.douyin.com/user/MS4wLjABAAAAn941R9ZhZ6uYBas0pPO-wIfT-bIfslBjY4qRHj27_40,内蒙古 兴安盟突泉县,赛事|日常,,
,情义,大话西游2花无缺,xy2huahua,/,https://www.douyin.com/user/MS4wLjABAAAAEzAJoW709GYq-Rz2YWBWF7A8Ac9cShk5ssWjITRoDso,山西 阳泉,日常,,
,情义,大话西游2沫薇儿,weier5211314,/,https://www.douyin.com/user/MS4wLjABAAAAAP6YT32frRuH2jyq0DXTD2c8L6lmYGG5rS8qgAA1U1SWphkUnnpUWqpXaz3PjhKN,河南 新乡,日常|颜值,,
,情义,大话2聪仔。,maolegeminile,/,https://www.douyin.com/user/MS4wLjABAAAA-vrrXBVN_bPt07mjhDvk_xilDIQ8rDB0n6XpBVfpOLY,河南 焦作,日常,,
,情义,七彩太子,tz601728683,/,https://www.douyin.com/user/MS4wLjABAAAAPY8Qs47o4Qjw4EH9rvdEghSRtPAXcZvhWI7GzVoFzHs,云南 开远,不直播,,
,情义,大话西游2许仙（锤子）,chuichui16616,/,https://www.douyin.com/user/MS4wLjABAAAAOVbXhrKcy-Q0pT96g0oyz2y6QUAT9tGU4qeqxxNXcMSIDPezXt9QJtL1MdevohJP?from_tab_name=main,广东 佛山,赛事|日常,,
,情义,依然如故、,1692829068,/,https://www.douyin.com/user/MS4wLjABAAAAUi2GwQ-o7hRkR2gBESc22Rp_BjABAHFWKJfnnh1zcEI,内蒙古 乌兰察布,日常|颜值|资源,,
,情义,大话西游2水娃娃,dhxyshuiwawa,/,https://www.douyin.com/user/MS4wLjABAAAAV3KZo23K1IT4Ey2TECgEkEw1AvYm1NJzz5J3L_slPzTHXigS50eD9gMy9xat5Jkn,北京 北京,赛事|颜值|其他,,
,情义,大话西游2【免费版】-布衣,buyi555777,/,https://www.douyin.com/user/MS4wLjABAAAAzdCeFXeomSAsB7ekMyFolX-B0Z1H3yJQ-VIDreGIjUlXg3wRZglIvu_AaiI9TuGI,辽宁 大连,不直播,,
,情义,狗哥-2002,fanqie201314,/,https://www.douyin.com/user/MS4wLjABAAAAaoFzJAeHJhPhYGWegeN_MApVFBqkrdwU3J3ePyilhCXdYtdJ4XMlb2nCmNL-xkCl,安徽 黄山,资源|赛事,,
,情义,大话西游2相伴知君,86171542034,/,https://www.douyin.com/user/MS4wLjABAAAAu1Mthc7rQFHKXjk74AA-K8xPwmD0cIKnFVB94P3hp6Q-S33218U4eJd8_ubkjNED,江苏,赛事|其他|日常,,
,情义,伊泽瑞尔。,45444819026,UID7460009126769640505,https://www.douyin.com/user/MS4wLjABAAAAUFxWfGEgBhvHYt46Z4cVgInFwULGy-t4qGG9Pg6o3EQ-g1mfDqGRwtzDBr-_-hd7?from_tab_name=main,海南 三亚,日常|赛事,,
,情义,温暖??,dhxywn,UID3604639034914707,https://v.douyin.com/i5GtygtW/,安徽 淮北,日常|其他,,
,情义,大话怀旧蛋蛋,zhuque33,UID342639065433805,https://v.douyin.com/Np6ZutQHVUY/,河北 沧州,日常|其他,,
"AI,攻略",星河,大话西游2月光宝盒,,,,,,版本,
实拍,情义,苏若颜,yan20250408,/,https://v.douyin.com/Dd4ZisDBXCk/,,颜值,,建联不上
赛事切片,情义,大话西游2花公子,xy2huagongzi,/,https://www.douyin.com/user/MS4wLjABAAAA0iElQyu1HLOjABfVdKxkCZoLp-hl8P80d3xUT-abLU0,河南 安阳,赛事,,
赛事切片,情义,大话西游2修缘,ZZ718310,/,https://www.douyin.com/user/MS4wLjABAAAAZSizHK_FugVPImy7L6hovFebUbiNi76yTdlPLkTnOxI?from_tab_name=main,青海 格尔木,资源|赛事,,
赛事切片,情义,大话西游2小优,xiaoyou543210,/,https://www.douyin.com/user/MS4wLjABAAAAczbnZOxNC3PvYbk7SekAiKQJEDFBPOZ-LR8fUC6RBkQ,海南 陵水黎族自治县,赛事|资源,,
赛事切片,情义,大话西游2阿木花驴,yelv668899,/,https://www.douyin.com/user/MS4wLjABAAAA8zS7Ffh77h2TBDVpKggj4EK56Tkzw7VuzAQUzidwfwW552ruzMag7pRg0yuyAQXh,河北 沧州,赛事|日常,,
赛事切片,情义,大话西游2无名大兄弟,wumingtainan,/,https://www.douyin.com/user/MS4wLjABAAAApB_9VW2_y0B0OJbHkc48ZskzR735YGxMRqGttZqoDi2xQcgjUVxJTrEgsN4p8HfT,河北 保定,赛事|日常|资源,,
实拍,情义,阿海（大话反向帝）,SDJ58666,/,https://www.douyin.com/user/MS4wLjABAAAAJNATp1bGvKNRzMhF6JykSA8Nmf9OBbWSKN58tmqM5_c?from_tab_name=main,陕西 西安,赛事|实拍,,
实拍,情义,一休（大话阿海兄弟）,dhas666,/,https://www.douyin.com/user/MS4wLjABAAAARM_kn19FauIQBYqIBJrkpYf2WRg5bK4Isp0bWTzfkI2A6IlFCxQ73DCQ3ZERurhl,陕西 西安,实拍,,
实拍,情义,小明（大话阿海助理）,1714879710,/,https://www.douyin.com/user/MS4wLjABAAAAZmeVmo5XQM7YmB8SxZB__pYJjKbvzw7zO4-zwF_YtLk,陕西 西安,实拍,,
,情义,大话老秦,146168078,UID60585796844,https://v.douyin.com/Ky4XvkmRODk/,河北 邢台,"副本|日常|装备搭配
调号",,
,情义,大话2绝言。,Wxb19960101,UID2484530009877250,https://v.douyin.com/TBPRAWobveE/,吉林 松原,杀星|副本|日常,,
,情义,大话西游_肉丸子,40624368131,UID1715714518170470,https://v.douyin.com/6IUhnUon8B8/,陕西 西安,高装搭配|日常困难|游戏更新内容解说|高装的玩法,,
,情义,大话2世生,shisheng_dh2,UID1689269550193070,https://v.douyin.com/sXll1qevY_A/,湖北 武汉,装备搭配  帮战 日常,,
,情义,大话西游2鲲鹏,Kp521521,UID111194364960,https://v.douyin.com/gRI913sbVaQ/,北京 北京,杀星、装备搭配、天梯、帮战、PK、几率、比斗、任务,,
,情义,大话西游2小辣椒,9420zhq,UID2364404634753560,https://v.douyin.com/SGOEi2qBgRQ/,浙江 绍兴,日常|副本|几率|帮战|比斗,,
,情义,大话西游2怀旧阿毛,Lm_188888,UID2656837043764830,https://v.douyin.com/5vgE7aDBpvM/,内蒙古 呼和浩特,几率,,
,情义,乔姐,164537368,UID75771670640,https://v.douyin.com/Hxbi4bFKNXw/,山西 晋中,,,
,情义,唐小圣,43119452720,UID1341830296246860,https://v.douyin.com/TVyKMw-bmyw/,河北 石家庄,全能,,
,情义,抖音二狗,O66666999996699,UID3597225351982500,https://v.douyin.com/jgyl7sobpGU/,河北 衡水,PK|日常|天梯|比斗|任务|副本,,
,情义,大话西游怀旧小张,1079827321,UID100574251661,https://v.douyin.com/eRt1GqfR7bI/,贵州 兴义,装备搭配|任务|各种讲解|资深玩家,,
,情义,陌上,30312904,UID62653721252,https://v.douyin.com/29j8KLjhQ5o/,山西 大同,PK|装备搭配|日常|副本,,
,情义,吹牛阿浪,35356907214,UID3666237166979124,https://v.douyin.com/LUMOa_et9DI/,广西 南宁,天梯|PK|装备搭配,,
,情义,霸道666,badao_99999,UID98863713928,https://v.douyin.com/BlhL3kN1yF8/,内蒙古 呼和浩特,全能,,
